Dataset,Split,Image Index,Target,Hash,Action,Reason
tiny_imagenet,Train,4204,8.0,32fd3fe07871c27bbe8632988e8984d6841e9b3437bfb809cb5d1ef90332e0d2,Removed,Label Conflict
tiny_imagenet,Train,5879,11.0,083118a5bbd48877661e067f24d7988a61bc47e5d7e283f671f137d6a85fef53,Removed,Label Conflict
tiny_imagenet,Train,7131,14.0,e13b1a72485cfaa7bb0b81421f8bb546aa9c3c92b48316a996a202f623067945,Removed,Label Conflict
tiny_imagenet,Train,7250,14.0,e8462f9b0065f5814d975dfb27a07c1127a16b74c3baa33de5f5fc5c964e25ce,Removed,Label Conflict
tiny_imagenet,Train,7366,14.0,4789f7c91e71d4767ac16be729fead4f4f39ab72c06ac6f33f18098477e51e40,Removed,Label Conflict
tiny_imagenet,Train,7963,15.0,78bc0913188add62f6be2cdbfeb4d68823e8320271f27a85a4317bbd4dcbb9b4,Removed,Label Conflict
tiny_imagenet,Train,8073,16.0,78bc0913188add62f6be2cdbfeb4d68823e8320271f27a85a4317bbd4dcbb9b4,Removed,Label Conflict
tiny_imagenet,Train,9111,18.0,ba4ec39529a09715bce7e299d4580a218883eb9910ffb41c17473401453ec362,Removed,Label Conflict
tiny_imagenet,Train,9525,19.0,ba4ec39529a09715bce7e299d4580a218883eb9910ffb41c17473401453ec362,Removed,Label Conflict
tiny_imagenet,Train,20143,40.0,54656c8c0c2169fab208d3b38ce30daee5cf5c6c221154b4d9a9abbc88ce9c39,Removed,Label Conflict
tiny_imagenet,Train,21297,42.0,54656c8c0c2169fab208d3b38ce30daee5cf5c6c221154b4d9a9abbc88ce9c39,Removed,Label Conflict
tiny_imagenet,Train,36640,73.0,6005049e0898b948a598c1325f0223bae93ad90cfcb6d2805b346f8322924a91,Removed,Label Conflict
tiny_imagenet,Train,36675,73.0,3b2c8fb371736e89c05fd169c9e1b54bd980879524d16318793ce1db72f6534f,Removed,Label Conflict
tiny_imagenet,Train,36973,73.0,78ec814ee1ef41bf992713a02afa746b228c74b9e8a370810d03d7f2fdb19609,Removed,Label Conflict
tiny_imagenet,Train,46227,92.0,87c072fe808c12b550e8bf7fccadd75300fd363a64d356dbe3638dc7480186fa,Removed,Label Conflict
tiny_imagenet,Train,48869,97.0,87c072fe808c12b550e8bf7fccadd75300fd363a64d356dbe3638dc7480186fa,Removed,Label Conflict
tiny_imagenet,Train,55355,110.0,1699ec8fb9ed0deadd11792413383c4130f274108d6df8c750bc53eab3644249,Removed,Label Conflict
tiny_imagenet,Train,60033,120.0,314992fee8ab2323e771f04f76afbc73bd17be9fe7f83e139805a52655542e50,Removed,Label Conflict
tiny_imagenet,Train,66044,132.0,e302a04306c234e4e3a8cfc9071e63fdd51a4de03974d3cdb1803a1eb71e934b,Removed,Label Conflict
tiny_imagenet,Train,66221,132.0,400bfa2e98eeef03d8b467aa9e8c969698bc4e66547b9eda6ad2772dece7897a,Removed,Label Conflict
tiny_imagenet,Train,66443,132.0,24950b78fcc0e2ad486cf2982ad02d4b3f9cf6e020e8c0310fd4017d0c54e04a,Removed,Label Conflict
tiny_imagenet,Train,67558,135.0,6005049e0898b948a598c1325f0223bae93ad90cfcb6d2805b346f8322924a91,Removed,Label Conflict
tiny_imagenet,Train,67815,135.0,78ec814ee1ef41bf992713a02afa746b228c74b9e8a370810d03d7f2fdb19609,Removed,Label Conflict
tiny_imagenet,Train,67847,135.0,3b2c8fb371736e89c05fd169c9e1b54bd980879524d16318793ce1db72f6534f,Removed,Label Conflict
tiny_imagenet,Train,74725,149.0,1699ec8fb9ed0deadd11792413383c4130f274108d6df8c750bc53eab3644249,Removed,Label Conflict
tiny_imagenet,Train,76395,152.0,32fd3fe07871c27bbe8632988e8984d6841e9b3437bfb809cb5d1ef90332e0d2,Removed,Label Conflict
tiny_imagenet,Train,87271,174.0,009f48ae262f3d83fc1103e54998c046b3a029a98eb0c57ecca3050af71df558,Removed,Label Conflict
tiny_imagenet,Train,87649,175.0,009f48ae262f3d83fc1103e54998c046b3a029a98eb0c57ecca3050af71df558,Removed,Label Conflict
tiny_imagenet,Train,91457,182.0,0226189805b100c31f8ccb8a1b1c465c0aedc40a89ad7052e3aee69f193d16a6,Removed,Label Conflict
tiny_imagenet,Train,91495,182.0,9c970c8d06e881e7ebfc61c69276733ff7e295e1c2d31d7b8a013861c0853070,Removed,Label Conflict
tiny_imagenet,Train,93113,186.0,dad4735fdfdab52845a705e5110fde8219fff6313a261dbb1471d41d25be8f3f,Removed,Label Conflict
tiny_imagenet,Train,93157,186.0,ca88b05d6ce05340cc959e3bd996f9b65279f787ab472e64bc3d8af5f481a830,Removed,Label Conflict
tiny_imagenet,Train,93246,186.0,4422840f6240bc4901a793aa2044a843e873ac38986e4e55ff3a89df6853ffc9,Removed,Label Conflict
tiny_imagenet,Train,93267,186.0,fb0445018aab36c7862dfe317547a84ea3a9aace96b50210cf87b46b4f4c6d33,Removed,Label Conflict
tiny_imagenet,Train,93551,187.0,4422840f6240bc4901a793aa2044a843e873ac38986e4e55ff3a89df6853ffc9,Removed,Label Conflict
tiny_imagenet,Train,93577,187.0,fb0445018aab36c7862dfe317547a84ea3a9aace96b50210cf87b46b4f4c6d33,Removed,Label Conflict
tiny_imagenet,Train,93830,187.0,6bd6127bb1d5eb59c1173263ab1b45336bef8b30ac1dfdb5ccae8f1c974c6822,Removed,Label Conflict
tiny_imagenet,Train,93852,187.0,a855dc75a1bf5352c831abc128aa637200e592d751604fe2131083157d2a3af9,Removed,Label Conflict
tiny_imagenet,Train,94002,188.0,a855dc75a1bf5352c831abc128aa637200e592d751604fe2131083157d2a3af9,Removed,Label Conflict
tiny_imagenet,Train,94072,188.0,6bd6127bb1d5eb59c1173263ab1b45336bef8b30ac1dfdb5ccae8f1c974c6822,Removed,Label Conflict
tiny_imagenet,Train,94263,188.0,ca88b05d6ce05340cc959e3bd996f9b65279f787ab472e64bc3d8af5f481a830,Removed,Label Conflict
tiny_imagenet,Train,94386,188.0,5e869935c11ded251e51b8f8d41f58dc76594163e57a65837a03961186b128e8,Removed,Label Conflict
tiny_imagenet,Train,94460,188.0,dad4735fdfdab52845a705e5110fde8219fff6313a261dbb1471d41d25be8f3f,Removed,Label Conflict
tiny_imagenet,Train,95258,190.0,9c970c8d06e881e7ebfc61c69276733ff7e295e1c2d31d7b8a013861c0853070,Removed,Label Conflict
tiny_imagenet,Train,95376,190.0,0226189805b100c31f8ccb8a1b1c465c0aedc40a89ad7052e3aee69f193d16a6,Removed,Label Conflict
tiny_imagenet,Train,98198,196.0,4789f7c91e71d4767ac16be729fead4f4f39ab72c06ac6f33f18098477e51e40,Removed,Label Conflict
tiny_imagenet,Train,98277,196.0,e13b1a72485cfaa7bb0b81421f8bb546aa9c3c92b48316a996a202f623067945,Removed,Label Conflict
tiny_imagenet,Validation,1006,20.0,083118a5bbd48877661e067f24d7988a61bc47e5d7e283f671f137d6a85fef53,Removed,Label Conflict
tiny_imagenet,Validation,5056,101.0,24950b78fcc0e2ad486cf2982ad02d4b3f9cf6e020e8c0310fd4017d0c54e04a,Removed,Label Conflict
tiny_imagenet,Validation,5099,101.0,e302a04306c234e4e3a8cfc9071e63fdd51a4de03974d3cdb1803a1eb71e934b,Removed,Label Conflict
tiny_imagenet,Validation,5277,105.0,314992fee8ab2323e771f04f76afbc73bd17be9fe7f83e139805a52655542e50,Removed,Label Conflict
tiny_imagenet,Validation,6992,139.0,400bfa2e98eeef03d8b467aa9e8c969698bc4e66547b9eda6ad2772dece7897a,Removed,Label Conflict
tiny_imagenet,Validation,9325,186.0,5e869935c11ded251e51b8f8d41f58dc76594163e57a65837a03961186b128e8,Removed,Label Conflict
tiny_imagenet,Validation,9832,196.0,e8462f9b0065f5814d975dfb27a07c1127a16b74c3baa33de5f5fc5c964e25ce,Removed,Label Conflict
tiny_imagenet,Test,1432,,ecfd3eb6b43f58ed6ad522f1f5073bd0574dce7260496ee43db1bf62d3e492e2,Removed,Cross-Split Leakage
tiny_imagenet,Test,3248,,57017454f4036aa9ec728af56eeb8554fbeee47413c1317a6ee0505b8d76a1e8,Removed,Cross-Split Leakage
tiny_imagenet,Test,3554,,1e412b2ddb0d49bd3bf15bb24bf0d146f214b42ecf4417aa4d7e023e9134bbe1,Removed,Cross-Split Leakage
tiny_imagenet,Test,6049,,94e656b48a5ace3055a8f85b6427d91121e24629da31c4ed39135cf7fa73b8da,Removed,Cross-Split Leakage
tiny_imagenet,Test,6634,,d7f9780c9b951d8162c945540d4eef26927390fac7c7e01b17f5699f363fb092,Removed,Cross-Split Leakage
tiny_imagenet,Test,7738,,da86ae95f106b289801ea35892f2828c2076e098c2230047a1c39b607d8e7a96,Removed,Cross-Split Leakage
tiny_imagenet,Test,8085,,1ceced1539c5e09874ee698b9c49380f30beed084ca9dc2d51cd3b611c4775be,Removed,Cross-Split Leakage
tiny_imagenet,Test,8539,,b95a0171de9f2e354c6d4aa6b2dc3671d01b1f2f29de152632fb12b85106d6e0,Removed,Within-Split Duplicate
tiny_imagenet,Test,8637,,b1d46ef32199befc94857f2f5b714260fe38c677ce5a38cc50fb93de900f727b,Removed,Within-Split Duplicate
tiny_imagenet,Test,9218,,af9f384b15ec63fa755a6e81bcca0b7662b4bb09bb85d2c2eb20fc2a1a8bf63b,Removed,Cross-Split Leakage
tiny_imagenet,Test,9376,,818f70b81760352c067e302b1eef1c50d9d57a801a4e1cca7bf1d4aeed63b8df,Removed,Cross-Split Leakage
tiny_imagenet,Test,9721,,fdeb9a6d5182cbb93583d19b47b54ee39233a2aeda2161c19d6c04a805276c8c,Removed,Cross-Split Leakage
