Dataset,Hash,Split,Image Index,Target,Labelled Targets
tiny_imagenet,009f48ae262f3d83fc1103e54998c046b3a029a98eb0c57ecca3050af71df558,Train,87271,174,"[174, 175]"
tiny_imagenet,009f48ae262f3d83fc1103e54998c046b3a029a98eb0c57ecca3050af71df558,Train,87649,175,"[174, 175]"
tiny_imagenet,0226189805b100c31f8ccb8a1b1c465c0aedc40a89ad7052e3aee69f193d16a6,Train,91457,182,"[182, 190]"
tiny_imagenet,0226189805b100c31f8ccb8a1b1c465c0aedc40a89ad7052e3aee69f193d16a6,Train,95376,190,"[182, 190]"
tiny_imagenet,083118a5bbd48877661e067f24d7988a61bc47e5d7e283f671f137d6a85fef53,Train,5879,11,"[11, 20]"
tiny_imagenet,083118a5bbd48877661e067f24d7988a61bc47e5d7e283f671f137d6a85fef53,Validation,1006,20,"[11, 20]"
tiny_imagenet,1699ec8fb9ed0deadd11792413383c4130f274108d6df8c750bc53eab3644249,Train,55355,110,"[110, 149]"
tiny_imagenet,1699ec8fb9ed0deadd11792413383c4130f274108d6df8c750bc53eab3644249,Train,74725,149,"[110, 149]"
tiny_imagenet,24950b78fcc0e2ad486cf2982ad02d4b3f9cf6e020e8c0310fd4017d0c54e04a,Train,66443,132,"[101, 132]"
tiny_imagenet,24950b78fcc0e2ad486cf2982ad02d4b3f9cf6e020e8c0310fd4017d0c54e04a,Validation,5056,101,"[101, 132]"
tiny_imagenet,314992fee8ab2323e771f04f76afbc73bd17be9fe7f83e139805a52655542e50,Train,60033,120,"[105, 120]"
tiny_imagenet,314992fee8ab2323e771f04f76afbc73bd17be9fe7f83e139805a52655542e50,Validation,5277,105,"[105, 120]"
tiny_imagenet,32fd3fe07871c27bbe8632988e8984d6841e9b3437bfb809cb5d1ef90332e0d2,Train,4204,8,"[8, 152]"
tiny_imagenet,32fd3fe07871c27bbe8632988e8984d6841e9b3437bfb809cb5d1ef90332e0d2,Train,76395,152,"[8, 152]"
tiny_imagenet,3b2c8fb371736e89c05fd169c9e1b54bd980879524d16318793ce1db72f6534f,Train,36675,73,"[73, 135]"
tiny_imagenet,3b2c8fb371736e89c05fd169c9e1b54bd980879524d16318793ce1db72f6534f,Train,67847,135,"[73, 135]"
tiny_imagenet,400bfa2e98eeef03d8b467aa9e8c969698bc4e66547b9eda6ad2772dece7897a,Train,66221,132,"[132, 139]"
tiny_imagenet,400bfa2e98eeef03d8b467aa9e8c969698bc4e66547b9eda6ad2772dece7897a,Validation,6992,139,"[132, 139]"
tiny_imagenet,4422840f6240bc4901a793aa2044a843e873ac38986e4e55ff3a89df6853ffc9,Train,93246,186,"[186, 187]"
tiny_imagenet,4422840f6240bc4901a793aa2044a843e873ac38986e4e55ff3a89df6853ffc9,Train,93551,187,"[186, 187]"
tiny_imagenet,4789f7c91e71d4767ac16be729fead4f4f39ab72c06ac6f33f18098477e51e40,Train,7366,14,"[14, 196]"
tiny_imagenet,4789f7c91e71d4767ac16be729fead4f4f39ab72c06ac6f33f18098477e51e40,Train,98198,196,"[14, 196]"
tiny_imagenet,54656c8c0c2169fab208d3b38ce30daee5cf5c6c221154b4d9a9abbc88ce9c39,Train,20143,40,"[40, 42]"
tiny_imagenet,54656c8c0c2169fab208d3b38ce30daee5cf5c6c221154b4d9a9abbc88ce9c39,Train,21297,42,"[40, 42]"
tiny_imagenet,5e869935c11ded251e51b8f8d41f58dc76594163e57a65837a03961186b128e8,Train,94386,188,"[186, 188]"
tiny_imagenet,5e869935c11ded251e51b8f8d41f58dc76594163e57a65837a03961186b128e8,Validation,9325,186,"[186, 188]"
tiny_imagenet,6005049e0898b948a598c1325f0223bae93ad90cfcb6d2805b346f8322924a91,Train,36640,73,"[73, 135]"
tiny_imagenet,6005049e0898b948a598c1325f0223bae93ad90cfcb6d2805b346f8322924a91,Train,67558,135,"[73, 135]"
tiny_imagenet,6bd6127bb1d5eb59c1173263ab1b45336bef8b30ac1dfdb5ccae8f1c974c6822,Train,93830,187,"[187, 188]"
tiny_imagenet,6bd6127bb1d5eb59c1173263ab1b45336bef8b30ac1dfdb5ccae8f1c974c6822,Train,94072,188,"[187, 188]"
tiny_imagenet,78bc0913188add62f6be2cdbfeb4d68823e8320271f27a85a4317bbd4dcbb9b4,Train,7963,15,"[15, 16]"
tiny_imagenet,78bc0913188add62f6be2cdbfeb4d68823e8320271f27a85a4317bbd4dcbb9b4,Train,8073,16,"[15, 16]"
tiny_imagenet,78ec814ee1ef41bf992713a02afa746b228c74b9e8a370810d03d7f2fdb19609,Train,36973,73,"[73, 135]"
tiny_imagenet,78ec814ee1ef41bf992713a02afa746b228c74b9e8a370810d03d7f2fdb19609,Train,67815,135,"[73, 135]"
tiny_imagenet,87c072fe808c12b550e8bf7fccadd75300fd363a64d356dbe3638dc7480186fa,Train,46227,92,"[92, 97]"
tiny_imagenet,87c072fe808c12b550e8bf7fccadd75300fd363a64d356dbe3638dc7480186fa,Train,48869,97,"[92, 97]"
tiny_imagenet,9c970c8d06e881e7ebfc61c69276733ff7e295e1c2d31d7b8a013861c0853070,Train,91495,182,"[182, 190]"
tiny_imagenet,9c970c8d06e881e7ebfc61c69276733ff7e295e1c2d31d7b8a013861c0853070,Train,95258,190,"[182, 190]"
tiny_imagenet,a855dc75a1bf5352c831abc128aa637200e592d751604fe2131083157d2a3af9,Train,93852,187,"[187, 188]"
tiny_imagenet,a855dc75a1bf5352c831abc128aa637200e592d751604fe2131083157d2a3af9,Train,94002,188,"[187, 188]"
tiny_imagenet,ba4ec39529a09715bce7e299d4580a218883eb9910ffb41c17473401453ec362,Train,9111,18,"[18, 19]"
tiny_imagenet,ba4ec39529a09715bce7e299d4580a218883eb9910ffb41c17473401453ec362,Train,9525,19,"[18, 19]"
tiny_imagenet,ca88b05d6ce05340cc959e3bd996f9b65279f787ab472e64bc3d8af5f481a830,Train,93157,186,"[186, 188]"
tiny_imagenet,ca88b05d6ce05340cc959e3bd996f9b65279f787ab472e64bc3d8af5f481a830,Train,94263,188,"[186, 188]"
tiny_imagenet,dad4735fdfdab52845a705e5110fde8219fff6313a261dbb1471d41d25be8f3f,Train,93113,186,"[186, 188]"
tiny_imagenet,dad4735fdfdab52845a705e5110fde8219fff6313a261dbb1471d41d25be8f3f,Train,94460,188,"[186, 188]"
tiny_imagenet,e13b1a72485cfaa7bb0b81421f8bb546aa9c3c92b48316a996a202f623067945,Train,7131,14,"[14, 196]"
tiny_imagenet,e13b1a72485cfaa7bb0b81421f8bb546aa9c3c92b48316a996a202f623067945,Train,98277,196,"[14, 196]"
tiny_imagenet,e302a04306c234e4e3a8cfc9071e63fdd51a4de03974d3cdb1803a1eb71e934b,Train,66044,132,"[101, 132]"
tiny_imagenet,e302a04306c234e4e3a8cfc9071e63fdd51a4de03974d3cdb1803a1eb71e934b,Validation,5099,101,"[101, 132]"
tiny_imagenet,e8462f9b0065f5814d975dfb27a07c1127a16b74c3baa33de5f5fc5c964e25ce,Train,7250,14,"[14, 196]"
tiny_imagenet,e8462f9b0065f5814d975dfb27a07c1127a16b74c3baa33de5f5fc5c964e25ce,Validation,9832,196,"[14, 196]"
tiny_imagenet,fb0445018aab36c7862dfe317547a84ea3a9aace96b50210cf87b46b4f4c6d33,Train,93267,186,"[186, 187]"
tiny_imagenet,fb0445018aab36c7862dfe317547a84ea3a9aace96b50210cf87b46b4f4c6d33,Train,93577,187,"[186, 187]"
