layer,features,eps,momentum,batches_tracked,running_mean_mean,running_mean_std,running_mean_min,running_mean_max,running_mean_abs_mean,running_mean_l2,running_mean_zero_pct,running_mean_finite_pct,running_var_mean,running_var_std,running_var_min,running_var_max,running_var_abs_mean,running_var_l2,running_var_zero_pct,running_var_finite_pct,gamma_mean,gamma_std,gamma_min,gamma_max,gamma_abs_mean,gamma_l2,gamma_zero_pct,gamma_finite_pct,beta_mean,beta_std,beta_min,beta_max,beta_abs_mean,beta_l2,beta_zero_pct,beta_finite_pct,near_zero_var_channels
level1.1,64,1e-05,0.1,137886,0.0189730953425169,0.07359687983989716,-0.21786998212337494,0.20886357128620148,0.04992188140749931,0.6080251932144165,0.0,100.0,1.782494306564331,1.7116726636886597,0.17008866369724274,9.505911827087402,1.782494306564331,19.77005386352539,0.0,100.0,0.4940059781074524,0.18169187009334564,0.2473985105752945,0.9971511363983154,0.4940059781074524,4.210872650146484,0.0,100.0,0.0,0.0,0.0,0.0,0.0,0.0,100.0,100.0,0
level1.4,64,1e-05,0.1,137886,-0.9672024250030518,0.7574530839920044,-2.5961790084838867,2.1503918170928955,1.0904178619384766,9.828010559082031,0.0,100.0,3.9153895378112793,1.9570740461349487,1.1818199157714844,11.624032020568848,3.9153895378112793,35.01808547973633,0.0,100.0,0.5909957885742188,0.13012853264808655,0.3597993552684784,0.9106524586677551,0.5909957885742188,4.841218948364258,0.0,100.0,0.0,0.0,0.0,0.0,0.0,0.0,100.0,100.0,0
level2.1,128,1e-05,0.1,137886,-0.8028854727745056,0.7266550064086914,-2.3758163452148438,1.586102843284607,0.9246213436126709,12.251510620117188,0.0,100.0,1.1281208992004395,0.4388269782066345,0.4533593952655792,2.9544785022735596,1.1281208992004395,13.694849967956543,0.0,100.0,0.4451163411140442,0.08907460421323776,0.26651719212532043,0.6695891618728638,0.4451163411140442,5.135761260986328,0.0,100.0,0.0,0.0,0.0,0.0,0.0,0.0,100.0,100.0,0
level2.4,128,1e-05,0.1,137886,-0.5889161229133606,0.8250709772109985,-2.328951358795166,2.5826728343963623,0.8170789480209351,11.468575477600098,0.0,100.0,0.7849277257919312,0.2683326005935669,0.3582763671875,1.7558448314666748,0.7849277257919312,9.385018348693848,0.0,100.0,0.4941345453262329,0.057724740356206894,0.352805495262146,0.6223641633987427,0.4941345453262329,5.628511428833008,0.0,100.0,0.0,0.0,0.0,0.0,0.0,0.0,100.0,100.0,0
level3.1,256,1e-05,0.1,137886,-0.4658435583114624,1.0217618942260742,-3.4730637073516846,3.4300084114074707,0.8849622011184692,17.967134475708008,0.0,100.0,1.2132067680358887,0.42646047472953796,0.577285647392273,3.520103931427002,1.2132067680358887,20.575645446777344,0.0,100.0,0.39989617466926575,0.06155939772725105,0.2592620253562927,0.5921508073806763,0.39989617466926575,6.473705291748047,0.0,100.0,0.0,0.0,0.0,0.0,0.0,0.0,100.0,100.0,0
level3.4,256,1e-05,0.1,137886,-1.064683437347412,0.8617342114448547,-3.9177017211914062,1.6548552513122559,1.1672712564468384,21.91554069519043,0.0,100.0,0.9048522710800171,0.2060880959033966,0.522851824760437,1.7910292148590088,0.9048522710800171,14.848397254943848,0.0,100.0,0.4261656701564789,0.041303131729364395,0.32872357964515686,0.5987321138381958,0.4261656701564789,6.85059928894043,0.0,100.0,0.0,0.0,0.0,0.0,0.0,0.0,100.0,100.0,0
level4.1,512,1e-05,0.1,137886,-0.6120569705963135,1.1413713693618774,-3.674046277999878,3.0660624504089355,1.056491732597351,29.305274963378906,0.0,100.0,0.9844886064529419,0.4601266384124756,0.3154385983943939,3.767251491546631,0.9844886064529419,24.589397430419922,0.0,100.0,0.36226674914360046,0.0640837550163269,0.27226728200912476,0.6474275588989258,0.36226674914360046,8.324426651000977,0.0,100.0,0.0,0.0,0.0,0.0,0.0,0.0,100.0,100.0,0
level4.4,512,1e-05,0.1,137886,-1.0619901418685913,0.6698536276817322,-2.9098329544067383,2.1324291229248047,1.114381194114685,28.410945892333984,0.0,100.0,2.3795104026794434,0.9056848287582397,0.6736641526222229,5.831284523010254,2.3795104026794434,57.61037063598633,0.0,100.0,0.31665754318237305,0.07588024437427521,0.14656010270118713,0.5564383864402771,0.31665754318237305,7.367988586425781,0.0,100.0,0.0,0.0,0.0,0.0,0.0,0.0,100.0,100.0,0
classifier.1,512,1e-05,0.1,137886,-0.056607238948345184,0.4749257564544678,-1.6864843368530273,1.0824509859085083,0.38220518827438354,10.822408676147461,0.0,100.0,0.031453460454940796,0.003618779359385371,0.02291853167116642,0.046018898487091064,0.031453460454940796,0.7164055705070496,0.0,100.0,0.3784620463848114,0.030746979638934135,0.2936650216579437,0.4707746207714081,0.3784620463848114,8.591833114624023,0.0,100.0,-0.28863224387168884,0.06891528517007828,-0.5183244943618774,-0.10909413546323776,0.28863224387168884,6.714583873748779,0.0,100.0,0
classifier.5,256,1e-05,0.1,137886,-0.4555715322494507,0.20265206694602966,-0.7519025802612305,0.013499986380338669,0.45777806639671326,7.977781772613525,0.0,100.0,0.22216108441352844,0.09315222501754761,7.522905798396096e-05,0.3091806173324585,0.22216108441352844,3.854402542114258,0.0,100.0,0.7464439868927002,0.30783334374427795,-5.242440238362178e-05,0.949194610118866,0.7464444637298584,12.918848991394043,0.0,100.0,-0.0723748728632927,0.05987519398331642,-0.24284979701042175,0.06971479952335358,0.07406691461801529,1.5029069185256958,0.0,100.0,0
