parameter,grad_norm_mean,grad_norm_min,grad_norm_max,grad_zero_pct_mean,grad_max_abs,grad_finite_pct_min,weight_norm,grad_to_weight_ratio,batches
level1.0.weight,0.5827837586402893,0.5064486861228943,0.6398701667785645,0.0,0.05034462735056877,100.0,13.215659141540527,0.04409797138368923,3
level1.1.weight,0.2401482810576757,0.2191355973482132,0.27892470359802246,0.0,0.09545972943305969,100.0,4.210872650146484,0.057030525738949754,3
level1.3.weight,0.965866764386495,0.8011512756347656,1.0824679136276245,0.0,0.036083560436964035,100.0,15.511079788208008,0.062269473020228665,3
level1.4.weight,0.5236233373483022,0.4871898591518402,0.5661071538925171,0.0,0.2236727774143219,100.0,4.841219425201416,0.10815938947580526,3
level2.0.weight,1.847504456837972,1.6285922527313232,1.964500904083252,0.0,0.038804687559604645,100.0,18.17923355102539,0.10162719190841041,3
level2.1.weight,0.3594136933485667,0.3130777180194855,0.38638824224472046,0.0,0.11100706458091736,100.0,5.135761260986328,0.06998255469520617,3
level2.3.weight,1.6039870977401733,1.3216588497161865,1.9320117235183716,0.0,0.02838520146906376,100.0,19.890443801879883,0.08064109145661683,3
level2.4.weight,0.47839603821436566,0.41095665097236633,0.5622988343238831,0.0,0.14980722963809967,100.0,5.62851095199585,0.08499513322340488,3
level3.0.weight,2.102298617362976,1.5189858675003052,2.6719672679901123,0.0,0.022587519139051437,100.0,23.40413475036621,0.0898259491233698,3
level3.1.weight,0.41415847341219586,0.30039915442466736,0.5340710878372192,0.0,0.12025098502635956,100.0,6.473705768585205,0.06397548609977127,3
level3.3.weight,1.870076338450114,1.380794644355774,2.3166658878326416,0.0,0.018326109275221825,100.0,27.766897201538086,0.06734912888813728,3
level3.4.weight,0.4936964213848114,0.3511139452457428,0.6057257056236267,0.0,0.11366817355155945,100.0,6.85059928894043,0.07206616539107172,3
level4.0.weight,2.7593151728312173,2.0805444717407227,3.2927145957946777,0.0,0.018373992294073105,100.0,34.315673828125,0.08040976221686814,3
level4.1.weight,0.4765016933282216,0.3653317391872406,0.5696825981140137,0.0,0.11074519157409668,100.0,8.324427604675293,0.05724137633926255,3
level4.3.weight,2.6574228604634604,2.1705451011657715,3.052856683731079,8.477105192620608e-05,0.036013923585414886,100.0,42.84560775756836,0.06202322710649341,3
level4.4.weight,0.9813700715700785,0.8488484025001526,1.0668026208877563,0.0,0.16947361826896667,100.0,7.3679890632629395,0.1331937470514298,3
classifier.0.weight,11.929400444030762,10.052793502807617,13.543927192687988,10.587549209594727,0.09829508513212204,100.0,45.58168029785156,0.26171480222050475,3
classifier.0.bias,0.3715185920397441,0.31299224495887756,0.4222637712955475,0.0,0.0758686363697052,100.0,1.4535585250996519e-06,255592.279245856,3
classifier.1.weight,0.23183985551198324,0.1927991360425949,0.2682304382324219,0.0,0.044072240591049194,100.0,8.591833114624023,0.026983747521509154,3
classifier.1.bias,0.175589253505071,0.14787468314170837,0.20004114508628845,0.0,0.03831038996577263,100.0,6.714583873748779,0.02615042969252727,3
classifier.4.weight,0.32339083154996234,0.29107874631881714,0.36172932386398315,15.057373046875,0.008643300272524357,100.0,21.806140899658203,0.014830264237860468,3
classifier.4.bias,0.12488095959027608,0.09794075787067413,0.1442885845899582,14.453125,0.03113030269742012,100.0,4.356063527666265e-07,286682.39596309146,3
classifier.5.weight,0.052747332801421486,0.04650401696562767,0.057919424027204514,14.453125,0.013943912461400032,100.0,12.918848991394043,0.004082974639347151,3
classifier.5.bias,0.07297491530577342,0.057017020881175995,0.08451194316148758,14.453125,0.017971303313970566,100.0,1.5029067993164062,0.04855584879842006,3
classifier.8.weight,0.40855637192726135,0.36409711837768555,0.4458281695842743,14.453125,0.03268815577030182,100.0,25.3703556060791,0.016103691184736462,3
classifier.8.bias,0.06057720631361008,0.0525834783911705,0.06459718942642212,0.0,0.02608795091509819,100.0,3.503894090652466,0.01728853805119224,3
