class_id,class_name,support,predicted,accuracy_pct,precision
0,Egyptian cat,100,106,51.0,0.4811320754716981
1,reel,100,118,35.0,0.2966101694915254
2,volleyball,100,93,62.0,0.6666666666666666
3,rocking chair,100,86,55.0,0.6395348837209303
4,lemon,100,109,73.0,0.6697247706422018
5,bullfrog,100,118,72.0,0.6101694915254238
6,basketball,100,109,63.0,0.5779816513761468
7,cliff,100,97,51.0,0.5257731958762887
8,espresso,100,115,78.0,0.6782608695652174
9,plunger,100,89,8.0,0.0898876404494382
10,parking meter,100,111,57.0,0.5135135135135135
11,German shepherd,100,97,59.0,0.6082474226804123
12,dining table,100,108,72.0,0.6666666666666666
13,monarch,100,102,93.0,0.9117647058823529
14,brown bear,100,115,64.0,0.5565217391304348
15,school bus,100,115,88.0,0.7652173913043478
16,pizza,100,117,78.0,0.6666666666666666
17,guinea pig,100,97,68.0,0.7010309278350515
18,umbrella,100,118,23.0,0.19491525423728814
19,organ,100,89,64.0,0.7191011235955056
20,oboe,100,92,36.0,0.391304347826087
21,maypole,100,104,81.0,0.7788461538461539
22,goldfish,100,100,83.0,0.83
23,potpie,100,88,60.0,0.6818181818181818
24,hourglass,100,98,70.0,0.7142857142857143
25,seashore,100,119,67.0,0.5630252100840336
26,computer keyboard,100,74,53.0,0.7162162162162162
27,Arabian camel,100,87,62.0,0.7126436781609196
28,ice cream,100,113,40.0,0.35398230088495575
29,nail,100,80,31.0,0.3875
30,space heater,100,89,47.0,0.5280898876404494
31,cardigan,100,100,53.0,0.53
32,baboon,100,99,61.0,0.6161616161616161
33,snail,100,86,46.0,0.5348837209302325
34,coral reef,100,117,68.0,0.5811965811965812
35,albatross,100,103,80.0,0.7766990291262136
36,spider web,100,105,66.0,0.6285714285714286
37,sea cucumber,100,101,59.0,0.5841584158415841
38,backpack,100,99,57.0,0.5757575757575758
39,Labrador retriever,100,72,27.0,0.375
40,pretzel,100,80,56.0,0.7
41,king penguin,100,88,75.0,0.8522727272727273
42,sulphur butterfly,100,108,90.0,0.8333333333333334
43,tarantula,100,81,59.0,0.7283950617283951
44,lesser panda,100,83,76.0,0.9156626506024096
45,pop bottle,100,87,27.0,0.3103448275862069
46,banana,100,129,60.0,0.46511627906976744
47,sock,100,105,66.0,0.6285714285714286
48,cockroach,100,98,52.0,0.5306122448979592
49,projectile,100,83,42.0,0.5060240963855421
50,beer bottle,100,96,47.0,0.4895833333333333
51,mantis,100,106,55.0,0.5188679245283019
52,freight car,100,98,86.0,0.8775510204081632
53,guacamole,100,118,79.0,0.6694915254237288
54,remote control,100,108,54.0,0.5
55,European fire salamander,100,107,83.0,0.7757009345794392
56,lakeside,100,110,41.0,0.37272727272727274
57,chimpanzee,100,112,75.0,0.6696428571428571
58,pay-phone,100,114,56.0,0.49122807017543857
59,fur coat,100,102,52.0,0.5098039215686274
60,alp,100,112,69.0,0.6160714285714286
61,lampshade,100,99,53.0,0.5353535353535354
62,torch,100,102,59.0,0.5784313725490197
63,abacus,100,82,52.0,0.6341463414634146
64,moving van,100,90,63.0,0.7
65,barrel,100,90,43.0,0.4777777777777778
66,tabby,100,73,44.0,0.6027397260273972
67,goose,100,93,60.0,0.6451612903225806
68,koala,100,92,76.0,0.8260869565217391
69,bullet train,100,92,84.0,0.9130434782608695
70,CD player,100,103,54.0,0.5242718446601942
71,teapot,100,96,64.0,0.6666666666666666
72,birdhouse,100,104,59.0,0.5673076923076923
73,gazelle,100,86,71.0,0.8255813953488372
74,academic gown,100,93,70.0,0.7526881720430108
75,tractor,100,92,67.0,0.7282608695652174
76,ladybug,100,100,78.0,0.78
77,miniskirt,100,99,42.0,0.42424242424242425
78,golden retriever,100,118,62.0,0.5254237288135594
79,triumphal arch,100,98,88.0,0.8979591836734694
80,cannon,100,81,47.0,0.5802469135802469
81,neck brace,100,114,45.0,0.39473684210526316
82,sombrero,100,111,66.0,0.5945945945945946
83,gasmask,100,87,43.0,0.4942528735632184
84,candle,100,88,41.0,0.4659090909090909
85,desk,100,108,70.0,0.6481481481481481
86,frying pan,100,113,50.0,0.4424778761061947
87,bee,100,88,63.0,0.7159090909090909
88,dam,100,104,61.0,0.5865384615384616
89,spiny lobster,100,90,64.0,0.7111111111111111
90,police van,100,97,73.0,0.7525773195876289
91,iPod,100,114,68.0,0.5964912280701754
92,punching bag,100,103,40.0,0.3883495145631068
93,beacon,100,104,79.0,0.7596153846153846
94,jellyfish,100,103,71.0,0.6893203883495146
95,wok,100,96,54.0,0.5625
96,potter's wheel,100,137,75.0,0.5474452554744526
97,sandal,100,102,62.0,0.6078431372549019
98,pill bottle,100,91,50.0,0.5494505494505495
99,butcher shop,100,118,70.0,0.5932203389830508
100,slug,100,104,43.0,0.41346153846153844
101,hog,100,103,44.0,0.42718446601941745
102,cougar,100,93,60.0,0.6451612903225806
103,crane,100,117,65.0,0.5555555555555556
104,vestment,100,99,44.0,0.4444444444444444
105,dragonfly,100,109,61.0,0.5596330275229358
106,cash machine,100,90,52.0,0.5777777777777777
107,mushroom,100,94,63.0,0.6702127659574468
108,jinrikisha,100,87,67.0,0.7701149425287356
109,water tower,100,99,80.0,0.8080808080808081
110,chest,100,95,56.0,0.5894736842105263
111,snorkel,100,98,58.0,0.5918367346938775
112,sunglasses,100,93,53.0,0.5698924731182796
113,fly,100,104,60.0,0.5769230769230769
114,limousine,100,90,55.0,0.6111111111111112
115,black stork,100,110,82.0,0.7454545454545455
116,dugong,100,96,84.0,0.875
117,sports car,100,111,67.0,0.6036036036036037
118,water jug,100,71,27.0,0.38028169014084506
119,suspension bridge,100,117,65.0,0.5555555555555556
120,ox,100,93,41.0,0.44086021505376344
121,ice lolly,100,101,43.0,0.42574257425742573
122,turnstile,100,110,55.0,0.5
123,Christmas stocking,100,121,78.0,0.6446280991735537
124,broom,100,108,46.0,0.42592592592592593
125,scorpion,100,87,48.0,0.5517241379310345
126,wooden spoon,100,94,15.0,0.1595744680851064
127,picket fence,100,109,67.0,0.6146788990825688
128,rugby ball,100,96,80.0,0.8333333333333334
129,sewing machine,100,104,55.0,0.5288461538461539
130,steel arch bridge,100,98,65.0,0.6632653061224489
131,Persian cat,100,105,75.0,0.7142857142857143
132,refrigerator,100,90,61.0,0.6777777777777778
133,barn,100,108,70.0,0.6481481481481481
134,apron,100,95,45.0,0.47368421052631576
135,Yorkshire terrier,100,101,71.0,0.7029702970297029
136,swimming trunks,100,83,38.0,0.4578313253012048
137,stopwatch,100,103,57.0,0.5533980582524272
138,lawn mower,100,108,54.0,0.5
139,thatch,100,105,67.0,0.638095238095238
140,fountain,100,98,54.0,0.5510204081632653
141,black widow,100,101,83.0,0.8217821782178217
142,bikini,100,103,69.0,0.6699029126213593
143,plate,100,140,54.0,0.38571428571428573
144,teddy,100,97,66.0,0.6804123711340206
145,barbershop,100,84,36.0,0.42857142857142855
146,confectionery,100,134,69.0,0.5149253731343284
147,beach wagon,100,88,50.0,0.5681818181818182
148,scoreboard,100,117,86.0,0.7350427350427351
149,orange,100,92,67.0,0.7282608695652174
150,flagpole,100,113,74.0,0.6548672566371682
151,American lobster,100,109,60.0,0.5504587155963303
152,trolleybus,100,108,90.0,0.8333333333333334
153,drumstick,100,98,26.0,0.2653061224489796
154,dumbbell,100,79,29.0,0.3670886075949367
155,brass,100,101,79.0,0.7821782178217822
156,bow tie,100,93,35.0,0.3763440860215054
157,convertible,100,108,57.0,0.5277777777777778
158,bighorn,100,95,64.0,0.6736842105263158
159,orangutan,100,103,75.0,0.7281553398058253
160,American alligator,100,100,59.0,0.59
161,centipede,100,86,44.0,0.5116279069767442
162,syringe,100,73,18.0,0.2465753424657534
163,go-kart,100,100,75.0,0.75
164,brain coral,100,96,74.0,0.7708333333333334
165,sea slug,100,93,67.0,0.7204301075268817
166,cliff dwelling,100,92,70.0,0.7608695652173914
167,mashed potato,100,82,39.0,0.47560975609756095
168,viaduct,100,97,77.0,0.7938144329896907
169,military uniform,100,92,42.0,0.45652173913043476
170,pomegranate,100,111,79.0,0.7117117117117117
171,chain,100,88,37.0,0.42045454545454547
172,kimono,100,121,51.0,0.4214876033057851
173,comic book,100,104,69.0,0.6634615384615384
174,trilobite,100,106,79.0,0.7452830188679245
175,bison,100,103,80.0,0.7766990291262136
176,pole,100,81,28.0,0.345679012345679
177,boa constrictor,100,71,28.0,0.39436619718309857
178,poncho,100,92,55.0,0.5978260869565217
179,bathtub,100,87,50.0,0.5747126436781609
180,grasshopper,100,110,58.0,0.5272727272727272
181,walking stick,100,98,45.0,0.45918367346938777
182,Chihuahua,100,84,38.0,0.4523809523809524
183,tailed frog,100,99,43.0,0.43434343434343436
184,lion,100,86,67.0,0.7790697674418605
185,altar,100,115,73.0,0.6347826086956522
186,obelisk,100,102,81.0,0.7941176470588235
187,beaker,100,97,59.0,0.6082474226804123
188,bell pepper,100,101,76.0,0.7524752475247525
189,bannister,100,145,48.0,0.3310344827586207
190,bucket,100,114,34.0,0.2982456140350877
191,magnetic compass,100,102,66.0,0.6470588235294118
192,meat loaf,100,110,52.0,0.4727272727272727
193,gondola,100,97,82.0,0.845360824742268
194,standard poodle,100,96,47.0,0.4895833333333333
195,acorn,100,90,46.0,0.5111111111111111
196,lifeboat,100,97,82.0,0.845360824742268
197,binoculars,100,115,50.0,0.43478260869565216
198,cauliflower,100,101,69.0,0.6831683168316832
199,African elephant,100,95,74.0,0.7789473684210526
