layer,units,dead_on_sample,dead_unit_pct,zero_pct,mean_abs,rms,max_abs,mean_active_units_per_image,observed_images
level1.2,64,0,0.0,49.82450452804565,0.14582158470153808,0.3225923662097788,8.375338554382324,63.97065,20000
level1.5,64,0,0.0,36.453510971069335,0.20670364074707032,0.32771283568393333,5.442239761352539,63.9879,20000
level2.2,128,0,0.0,39.55830791473389,0.16468412289619447,0.2682280154280663,4.936731815338135,127.9907,20000
level2.5,128,0,0.0,48.845852813720704,0.18976227254867553,0.3496549519586296,6.2743144035339355,127.9999,20000
level3.2,256,0,0.0,48.567194061279295,0.16043463611602785,0.2885576127439676,6.094223499298096,255.98825,20000
level3.5,256,0,0.0,51.40877113342285,0.1654250726699829,0.30383802551319505,4.817872524261475,255.9996,20000
level4.2,512,0,0.0,50.83916061401367,0.14447163109779357,0.2713883844621678,3.500809669494629,511.76655,20000
level4.5,512,0,0.0,66.51019271850586,0.12617932252883912,0.2654672347593033,1.8505747318267822,512.0,20000
classifier.2,512,0,0.0,80.813916015625,0.0498085977435112,0.1566973270994841,3.2860348224639893,98.23275,20000
classifier.6,256,37,14.453125,56.43322265625,0.2544555589199066,0.4742464217984552,4.182648658752441,111.53095,20000
