parameter,shape,count,requires_grad,mean,std,min,max,abs_mean,l2,zero_pct,finite_pct
level1.0.weight,"(64, 3, 3, 3)",1728,True,-0.0038886580150574446,0.3178955614566803,-1.3194119930267334,1.8042259216308594,0.23028871417045593,13.215659141540527,0.0,100.0
level1.1.weight,"(64,)",64,True,0.4940059781074524,0.18169187009334564,0.2473985105752945,0.9971511363983154,0.4940059781074524,4.210872650146484,0.0,100.0
level1.1.bias,"(64,)",64,False,0.0,0.0,0.0,0.0,0.0,0.0,100.0,100.0
level1.3.weight,"(64, 64, 3, 3)",36864,True,-0.008875701576471329,0.08029782772064209,-0.6367641091346741,0.9197373986244202,0.05953807383775711,15.511089324951172,0.0,100.0
level1.4.weight,"(64,)",64,True,0.5909957885742188,0.13012853264808655,0.3597993552684784,0.9106524586677551,0.5909957885742188,4.841218948364258,0.0,100.0
level1.4.bias,"(64,)",64,False,0.0,0.0,0.0,0.0,0.0,0.0,100.0,100.0
level2.0.weight,"(128, 64, 3, 3)",73728,True,-0.0047166249714791775,0.06678500026464462,-0.616158664226532,0.5137372612953186,0.050044476985931396,18.179210662841797,0.0,100.0
level2.1.weight,"(128,)",128,True,0.4451163411140442,0.08907460421323776,0.26651719212532043,0.6695891618728638,0.4451163411140442,5.135761260986328,0.0,100.0
level2.1.bias,"(128,)",128,False,0.0,0.0,0.0,0.0,0.0,0.0,100.0,100.0
level2.3.weight,"(128, 128, 3, 3)",147456,True,-0.0035746905487030745,0.051674533635377884,-0.36501261591911316,0.37085288763046265,0.039797570556402206,19.890365600585938,0.0,100.0
level2.4.weight,"(128,)",128,True,0.4941345453262329,0.057724740356206894,0.352805495262146,0.6223641633987427,0.4941345453262329,5.628511428833008,0.0,100.0
level2.4.bias,"(128,)",128,False,0.0,0.0,0.0,0.0,0.0,0.0,100.0,100.0
level3.0.weight,"(256, 128, 3, 3)",294912,True,-0.0015554819256067276,0.04306885227560997,-0.3805218040943146,0.4039669632911682,0.03324844315648079,23.40399932861328,0.0,100.0
level3.1.weight,"(256,)",256,True,0.39989617466926575,0.06155939772725105,0.2592620253562927,0.5921508073806763,0.39989617466926575,6.473705291748047,0.0,100.0
level3.1.bias,"(256,)",256,False,0.0,0.0,0.0,0.0,0.0,0.0,100.0,100.0
level3.3.weight,"(256, 256, 3, 3)",589824,True,-0.003640847047790885,0.0359710268676281,-0.27014899253845215,0.3120313584804535,0.028212424367666245,27.766462326049805,0.0,100.0
level3.4.weight,"(256,)",256,True,0.4261656701564789,0.041303131729364395,0.32872357964515686,0.5987321138381958,0.4261656701564789,6.85059928894043,0.0,100.0
level3.4.bias,"(256,)",256,False,0.0,0.0,0.0,0.0,0.0,0.0,100.0,100.0
level4.0.weight,"(512, 256, 3, 3)",1179648,True,-0.001275663380511105,0.031569089740514755,-0.23629352450370789,0.2823723554611206,0.02480700984597206,34.31428146362305,0.0,100.0
level4.1.weight,"(512,)",512,True,0.36226674914360046,0.0640837550163269,0.27226728200912476,0.6474275588989258,0.36226674914360046,8.324426651000977,0.0,100.0
level4.1.bias,"(512,)",512,False,0.0,0.0,0.0,0.0,0.0,0.0,100.0,100.0
level4.3.weight,"(512, 512, 3, 3)",2359296,True,-0.002854831051081419,0.027747804298996925,-0.18552468717098236,0.27448922395706177,0.02165248431265354,42.840599060058594,0.0,100.0
level4.4.weight,"(512,)",512,True,0.31665754318237305,0.07588024437427521,0.14656010270118713,0.5564383864402771,0.31665754318237305,7.367988586425781,0.0,100.0
level4.4.bias,"(512,)",512,False,0.0,0.0,0.0,0.0,0.0,0.0,100.0,100.0
classifier.0.weight,"(512, 8192)",4194304,True,-0.0014213338727131486,0.02221125178039074,-0.15220628678798676,0.2245652973651886,0.016947122290730476,45.567569732666016,0.0,100.0
classifier.0.bias,"(512,)",512,True,-7.699879622791173e-10,6.423420018109027e-08,-2.0629855157494603e-07,1.7996184453750175e-07,5.1361212172196247e-08,1.4535584114128142e-06,0.0,100.0
classifier.1.weight,"(512,)",512,True,0.3784620463848114,0.030746979638934135,0.2936650216579437,0.4707746207714081,0.3784620463848114,8.591833114624023,0.0,100.0
classifier.1.bias,"(512,)",512,True,-0.28863224387168884,0.06891528517007828,-0.5183244943618774,-0.10909413546323776,0.28863224387168884,6.714583873748779,0.0,100.0
classifier.4.weight,"(256, 512)",131072,True,-0.017475778236985207,0.05764055624604225,-0.269989013671875,0.2080443799495697,0.04423343017697334,21.806018829345703,0.0,100.0
classifier.4.bias,"(256,)",256,True,5.789074775108816e-10,2.7219240195108796e-08,-9.628312369613923e-08,7.906048438144353e-08,1.9483540114606512e-08,4.356063243449171e-07,0.0,100.0
classifier.5.weight,"(256,)",256,True,0.7464439868927002,0.30783334374427795,-5.242440238362178e-05,0.949194610118866,0.7464444637298584,12.918848991394043,0.0,100.0
classifier.5.bias,"(256,)",256,True,-0.0723748728632927,0.05987519398331642,-0.24284979701042175,0.06971479952335358,0.07406691461801529,1.5029069185256958,0.0,100.0
classifier.8.weight,"(200, 256)",51200,True,1.1174660357937682e-05,0.11212219297885895,-0.29095613956451416,0.2856534421443939,0.09117911010980606,25.370271682739258,0.0,100.0
classifier.8.bias,"(200,)",200,True,-2.230405698355753e-06,0.2477627396583557,-0.8026437163352966,0.5532730221748352,0.1939282864332199,3.503894329071045,0.0,100.0
